リーダー：【聖光の守護聖】,0,0,51a65bbaf865abb30dee8dbac112f812bbcc7a4b72b8452934d48bf15a76b097,75ee790b3cf017dd0fb883630f12fece01545f6d653889f92992d743ce0bf90e,,,QTE-L008,
ミニオン：【ライト・シールド】,2,0,c855284236396cdd6825932c5a1432ab9f31f0895dc1a3b31d57c1702cb36d3d,75ee790b3cf017dd0fb883630f12fece01545f6d653889f92992d743ce0bf90e,1,3,QTE-0099,
ミニオン：【聖域の案内人】,3,0,e17c76e1a88a60e7d3b0fb624159acfaf0ec0d526e8abec1cbab3e1a090584fe,75ee790b3cf017dd0fb883630f12fece01545f6d653889f92992d743ce0bf90e,2,2,QTE-0093,
ミニオン：【秩序の執行官】,4,0,6a142a22a6c59c84374cf161ccdd3528406ca17a080960d1b46beb1e519793ee,75ee790b3cf017dd0fb883630f12fece01545f6d653889f92992d743ce0bf90e,3,4,QTE-0111,
ミニオン：【ホーリー・ガーディアン】,5,0,f232be397eb619a13958baae56e30dad34e22c1059c4da5d09774ac132ec24a3,75ee790b3cf017dd0fb883630f12fece01545f6d653889f92992d743ce0bf90e,3,6,QTE-0007,
ミニオン：【戒律の聖堂騎士】,6,0,b33f098a590c5b6ca94f54c9415690e181c1314bcf72a280087ba969cbc83db9,75ee790b3cf017dd0fb883630f12fece01545f6d653889f92992d743ce0bf90e,5,5,QTE-0098,
ミニオン：【大天使 ミカエル】,7,0,e3fe5b57aa7446ba12edc36f41936bc81b43eb9371db4e72d81b79d761a24b36,75ee790b3cf017dd0fb883630f12fece01545f6d653889f92992d743ce0bf90e,4,8,QTE-0004,台帳名「大天使ミカエル」(表記ゆれ)
ミニオン：【天界の守護神 ゾディアック】,9,0,9760c2d5fbe9e2189cbf9f21a4c92be6e6f2a4b0e0d005e49b6553bf6ff1796b,75ee790b3cf017dd0fb883630f12fece01545f6d653889f92992d743ce0bf90e,7,9,QTE-0104,
スペル：【光の戒め】,2,0,03e6dcb5857acff27c10b3fe6ec8845810dd1fd116afb05d89250741eb7e396d,75ee790b3cf017dd0fb883630f12fece01545f6d653889f92992d743ce0bf90e,,,QTE-0110,
スペル：【ホーリー・シグナル】,3,0,c70f6f2e81c7edf1f2987192afcad1e4b0ee3a81679c673f6a1e066836ab6131,75ee790b3cf017dd0fb883630f12fece01545f6d653889f92992d743ce0bf90e,,,QTE-0090,
スペル：【聖なる降誕の儀式】,5,0,49b0304f53104376004dcdec42e047914dc832fb5927616571590b7b2b234437,75ee790b3cf017dd0fb883630f12fece01545f6d653889f92992d743ce0bf90e,,,QTE-0109,
スペル：【神の福音】,6,0,b2e413759ca62990354a570e9225e2b2d8a4ca0c3303350d0619095f1b42431d,75ee790b3cf017dd0fb883630f12fece01545f6d653889f92992d743ce0bf90e,,,QTE-0097,
ウェポン：【正義の御盾】,1,0,6a76eb129e2130fe5d01bd74eee47410d377d1eceedef646d33064605146ef03,75ee790b3cf017dd0fb883630f12fece01545f6d653889f92992d743ce0bf90e,0,,QTE-0103,
ウェポン：【聖剣 エクスカリバー】,4,0,783daf6b1be6a6b2bf27e4da5f10d3e1917f471f232ca65dbe8188f4b2b45556,75ee790b3cf017dd0fb883630f12fece01545f6d653889f92992d743ce0bf90e,3,,QTE-0018,台帳名「聖剣エクスカリバー」(表記ゆれ)
リーダー：【断罪の聖導者】,0,0,c8923bf9095257d0ddee0b751ac791fdf55de7ce8c758a4de4cfaf56954180ce,75ee790b3cf017dd0fb883630f12fece01545f6d653889f92992d743ce0bf90e,,,QTE-L007,
ミニオン：【煌めきの盾】,1,0,845b0ca16cfc7e2b24b2e540780931caf0f72229f9989848b989fec568359fc5,75ee790b3cf017dd0fb883630f12fece01545f6d653889f92992d743ce0bf90e,2,2,QTE-0101,
ミニオン：【聖域の司祭】,2,0,9f166a747f3ab7751df46c03b67995c74a643ac4f4b100235886ff2fb15c5b14,75ee790b3cf017dd0fb883630f12fece01545f6d653889f92992d743ce0bf90e,2,2,QTE-0013,
ミニオン：【唱導の聖騎士】,3,0,3575e3f6b15dd20c1234d4724878202a956075d01582c0bf888469c9f881cad8,75ee790b3cf017dd0fb883630f12fece01545f6d653889f92992d743ce0bf90e,2,2,QTE-0100,
ミニオン：【英知の水晶】,3,0,2cc2cef8f35cc8a2a6c9205081909ca1067de0ea13c3f8f96d0334021de0195d,75ee790b3cf017dd0fb883630f12fece01545f6d653889f92992d743ce0bf90e,1,1,QTE-0102,
ミニオン：【戒律のガーディアン】,4,0,44bd1cf08c88b3b070b154624375f448bafaf8d47d0918adae9b3dc8dc567534,75ee790b3cf017dd0fb883630f12fece01545f6d653889f92992d743ce0bf90e,1,1,QTE-0108,
ミニオン：【光の召喚士】,5,0,7fd6def031f02d0c0cb3d22ae117324e0aef8f5a1c72c05a98441740aeee097e,75ee790b3cf017dd0fb883630f12fece01545f6d653889f92992d743ce0bf90e,3,3,QTE-0105,
ミニオン：【降臨の伝道師】,6,0,52840cc033ea8cd51ba38f01fd1881d5da4ab345285364b76260ede3fd208528,75ee790b3cf017dd0fb883630f12fece01545f6d653889f92992d743ce0bf90e,1,1,QTE-0112,
ミニオン：【平和の結界】,7,0,bf9eb731142f6cc7b7c2c37aad61e379de62e65b5cb832691ce03948f73b79cd,75ee790b3cf017dd0fb883630f12fece01545f6d653889f92992d743ce0bf90e,3,5,QTE-0095,
ミニオン：【断罪の大天使】,10,0,ad2aae553fe14c597a671332e0ce2f9d9a67940d5734ae7d046272a0353fab95,75ee790b3cf017dd0fb883630f12fece01545f6d653889f92992d743ce0bf90e,8,8,QTE-0096,
ミニオン：【創世神 ゾディアックアイリス】,11,0,4b7be050f6e63e9b1aebe5d1dccd21effa278623a2e54e8d3cf17949a0fba4b6,75ee790b3cf017dd0fb883630f12fece01545f6d653889f92992d743ce0bf90e,11,11,QTE-0107,
スペル：【聖光の武装解除】,2,0,ac22675093b8110d7cf10fc47b2d41930583844122c907f04069e1c7900a7c60,75ee790b3cf017dd0fb883630f12fece01545f6d653889f92992d743ce0bf90e,,,QTE-0091,
スペル：【運命のリセット】,3,0,8014a8d464840b9b8a87fd230a5204d0a2010af2fc7430babfaed9b8435ea100,75ee790b3cf017dd0fb883630f12fece01545f6d653889f92992d743ce0bf90e,,,QTE-0014,
ウェポン：【詠唱の宝珠】,1,0,367c167f4dfdf00fe1e27efa57b6176865f4438eb6c13a833d737fb1fb74eec0,75ee790b3cf017dd0fb883630f12fece01545f6d653889f92992d743ce0bf90e,1,,QTE-0106,
リーダー：【英皇アントマルエル】,0,0,71d07ed6335e02f1530545075978f7e1e5b90a23cde99318783cb8d0386156d0,75ee790b3cf017dd0fb883630f12fece01545f6d653889f92992d743ce0bf90e,,,,新カード(台帳に無し)
進化ミニオン：【英霊・ニュウキロ】,5,0,c8bde91e1ca306ab31458b920c2bb5a3c10fbd08768587f322fc370cbed73932,75ee790b3cf017dd0fb883630f12fece01545f6d653889f92992d743ce0bf90e,3,5,,新カード(台帳に無し)
進化ミニオン：【英霊・コレキ】,2,0,3b74c174e7ae41583b3ae4209ff15e0690a9f5a9561a4fbb0902e873df5917d6,75ee790b3cf017dd0fb883630f12fece01545f6d653889f92992d743ce0bf90e,2,2,,新カード(台帳に無し)
進化ミニオン：【英霊・タイガラム】,7,0,c5c6650d675c53e43dc2829ffbb003662e4bd403f995f6909403719aac77a7b2,75ee790b3cf017dd0fb883630f12fece01545f6d653889f92992d743ce0bf90e,4,6,,新カード(台帳に無し)
ミニオン：【光霊・ミルーア】,2,0,4973818f7faeda575fb2b648999392781567f6d4815c0072bec0d7175fede019,75ee790b3cf017dd0fb883630f12fece01545f6d653889f92992d743ce0bf90e,2,2,,新カード(台帳に無し)
ミニオン：【光霊・テングスン】,2,0,1155c5c41f9ce35439a805f549039ae6d17715f3e82156de2e4e2388462a0843,75ee790b3cf017dd0fb883630f12fece01545f6d653889f92992d743ce0bf90e,2,1,,新カード(台帳に無し)
ミニオン：【光霊・ネフラ】,3,0,4bd474a1584e6fc4a726e7cbbc70cc6f7463a7c73440f33e226116e9bcdcb44d,75ee790b3cf017dd0fb883630f12fece01545f6d653889f92992d743ce0bf90e,3,1,,新カード(台帳に無し)
ミニオン：【光霊・モアニール】,3,0,79e8aa14d79108161a7aa187025f262d23dffa53799a83b522d5d30f0eb2eaee,75ee790b3cf017dd0fb883630f12fece01545f6d653889f92992d743ce0bf90e,1,5,,新カード(台帳に無し)
スペル：【英術・グラーニス】,2,0,e9f49b00289993b138ac2082b4df94f21c2d480ffb3f6cfd23e80ee5e85e874a,75ee790b3cf017dd0fb883630f12fece01545f6d653889f92992d743ce0bf90e,,,,新カード(台帳に無し)
スペル：【英術・バンユー】,5,0,e56dd5f2e9994e6eedb11f1aa6d154dcbad9590c795faf2ef1558271d73a3a51,75ee790b3cf017dd0fb883630f12fece01545f6d653889f92992d743ce0bf90e,,,,新カード(台帳に無し)
スペル：【英術・スケアロック】,6,0,71bfe194a4836449501c34556137c1996cfb3f8eb8e2c303451d531d7fed29b1,75ee790b3cf017dd0fb883630f12fece01545f6d653889f92992d743ce0bf90e,,,,新カード(台帳に無し)
